{"cameraMode":{"drawMode":0,"name":"Shaded","section":"Shading Mode"},"sceneLighting":false,"audioPlay":false,"sceneViewState":{"showFog":true,"showMaterialUpdate":false,"showSkybox":false,"showFlares":true,"showImageEffects":true,"showParticleSystems":true},"in2DMode":false,"pivot":{"x":10.37787914276123,"y":-0.19689005613327027,"z":-13.018470764160157},"rotation":{"x":0.01201131846755743,"y":-0.9806041717529297,"z":0.06364265829324722,"w":0.18514201045036317},"size":5.810211658477783,"orthographic":false}