{"cameraMode":{"drawMode":0,"name":"Shaded","section":"Shading Mode"},"sceneLighting":false,"audioPlay":false,"sceneViewState":{"showFog":true,"showMaterialUpdate":false,"showSkybox":false,"showFlares":true,"showImageEffects":true,"showParticleSystems":true},"in2DMode":false,"pivot":{"x":3.163058042526245,"y":2.562222480773926,"z":-7.233976364135742},"rotation":{"x":0.005675716325640678,"y":-0.994351327419281,"z":0.07652691751718521,"w":0.07382362335920334},"size":7.700904369354248,"orthographic":false}