{"cameraMode":{"drawMode":0,"name":"Shaded","section":"Shading Mode"},"sceneLighting":false,"audioPlay":false,"sceneViewState":{"showFog":true,"showMaterialUpdate":false,"showSkybox":false,"showFlares":true,"showImageEffects":true,"showParticleSystems":true},"in2DMode":false,"pivot":{"x":12.851911544799805,"y":0.6544756889343262,"z":-11.762612342834473},"rotation":{"x":0.0005846578860655427,"y":-0.9992706775665283,"z":0.01679922267794609,"w":0.03509596735239029},"size":1.885444164276123,"orthographic":false}